Workbook

Sheet Summary
A1: Set | B1: Avg DA (€/kWh) | C1: Avg ID (€/kWh) | D1: Avg Load (kW) | E1: Min DA | F1: Max DA | G1: Min ID | H1: Max ID | I1: # Neg DA | J1: # Neg ID
A2: Set_01 | B2: =AVERAGE('Set_01'!B2:B97) | C2: =AVERAGE('Set_01'!C2:C97) | D2: =AVERAGE('Set_01'!D2:D97) | E2: =MIN('Set_01'!B2:B97) | F2: =MAX('Set_01'!B2:B97) | G2: =MIN('Set_01'!C2:C97) | H2: =MAX('Set_01'!C2:C97) | I2: =COUNTIF('Set_01'!B2:B97,"<0") | J2: =COUNTIF('Set_01'!C2:C97,"<0")
A3: Set_02 | B3: =AVERAGE('Set_02'!B2:B97) | C3: =AVERAGE('Set_02'!C2:C97) | D3: =AVERAGE('Set_02'!D2:D97) | E3: =MIN('Set_02'!B2:B97) | F3: =MAX('Set_02'!B2:B97) | G3: =MIN('Set_02'!C2:C97) | H3: =MAX('Set_02'!C2:C97) | I3: =COUNTIF('Set_02'!B2:B97,"<0") | J3: =COUNTIF('Set_02'!C2:C97,"<0")
A4: Set_03 | B4: =AVERAGE('Set_03'!B2:B97) | C4: =AVERAGE('Set_03'!C2:C97) | D4: =AVERAGE('Set_03'!D2:D97) | E4: =MIN('Set_03'!B2:B97) | F4: =MAX('Set_03'!B2:B97) | G4: =MIN('Set_03'!C2:C97) | H4: =MAX('Set_03'!C2:C97) | I4: =COUNTIF('Set_03'!B2:B97,"<0") | J4: =COUNTIF('Set_03'!C2:C97,"<0")
A5: Set_04 | B5: =AVERAGE('Set_04'!B2:B97) | C5: =AVERAGE('Set_04'!C2:C97) | D5: =AVERAGE('Set_04'!D2:D97) | E5: =MIN('Set_04'!B2:B97) | F5: =MAX('Set_04'!B2:B97) | G5: =MIN('Set_04'!C2:C97) | H5: =MAX('Set_04'!C2:C97) | I5: =COUNTIF('Set_04'!B2:B97,"<0") | J5: =COUNTIF('Set_04'!C2:C97,"<0")
A6: Set_05 | B6: =AVERAGE('Set_05'!B2:B97) | C6: =AVERAGE('Set_05'!C2:C97) | D6: =AVERAGE('Set_05'!D2:D97) | E6: =MIN('Set_05'!B2:B97) | F6: =MAX('Set_05'!B2:B97) | G6: =MIN('Set_05'!C2:C97) | H6: =MAX('Set_05'!C2:C97) | I6: =COUNTIF('Set_05'!B2:B97,"<0") | J6: =COUNTIF('Set_05'!C2:C97,"<0")
A7: Set_06 | B7: =AVERAGE('Set_06'!B2:B97) | C7: =AVERAGE('Set_06'!C2:C97) | D7: =AVERAGE('Set_06'!D2:D97) | E7: =MIN('Set_06'!B2:B97) | F7: =MAX('Set_06'!B2:B97) | G7: =MIN('Set_06'!C2:C97) | H7: =MAX('Set_06'!C2:C97) | I7: =COUNTIF('Set_06'!B2:B97,"<0") | J7: =COUNTIF('Set_06'!C2:C97,"<0")
A8: Set_07 | B8: =AVERAGE('Set_07'!B2:B97) | C8: =AVERAGE('Set_07'!C2:C97) | D8: =AVERAGE('Set_07'!D2:D97) | E8: =MIN('Set_07'!B2:B97) | F8: =MAX('Set_07'!B2:B97) | G8: =MIN('Set_07'!C2:C97) | H8: =MAX('Set_07'!C2:C97) | I8: =COUNTIF('Set_07'!B2:B97,"<0") | J8: =COUNTIF('Set_07'!C2:C97,"<0")
A9: Set_08 | B9: =AVERAGE('Set_08'!B2:B97) | C9: =AVERAGE('Set_08'!C2:C97) | D9: =AVERAGE('Set_08'!D2:D97) | E9: =MIN('Set_08'!B2:B97) | F9: =MAX('Set_08'!B2:B97) | G9: =MIN('Set_08'!C2:C97) | H9: =MAX('Set_08'!C2:C97) | I9: =COUNTIF('Set_08'!B2:B97,"<0") | J9: =COUNTIF('Set_08'!C2:C97,"<0")
A10: Set_09 | B10: =AVERAGE('Set_09'!B2:B97) | C10: =AVERAGE('Set_09'!C2:C97) | D10: =AVERAGE('Set_09'!D2:D97) | E10: =MIN('Set_09'!B2:B97) | F10: =MAX('Set_09'!B2:B97) | G10: =MIN('Set_09'!C2:C97) | H10: =MAX('Set_09'!C2:C97) | I10: =COUNTIF('Set_09'!B2:B97,"<0") | J10: =COUNTIF('Set_09'!C2:C97,"<0")
A11: Set_10 | B11: =AVERAGE('Set_10'!B2:B97) | C11: =AVERAGE('Set_10'!C2:C97) | D11: =AVERAGE('Set_10'!D2:D97) | E11: =MIN('Set_10'!B2:B97) | F11: =MAX('Set_10'!B2:B97) | G11: =MIN('Set_10'!C2:C97) | H11: =MAX('Set_10'!C2:C97) | I11: =COUNTIF('Set_10'!B2:B97,"<0") | J11: =COUNTIF('Set_10'!C2:C97,"<0")
A12: Set_11 | B12: =AVERAGE('Set_11'!B2:B97) | C12: =AVERAGE('Set_11'!C2:C97) | D12: =AVERAGE('Set_11'!D2:D97) | E12: =MIN('Set_11'!B2:B97) | F12: =MAX('Set_11'!B2:B97) | G12: =MIN('Set_11'!C2:C97) | H12: =MAX('Set_11'!C2:C97) | I12: =COUNTIF('Set_11'!B2:B97,"<0") | J12: =COUNTIF('Set_11'!C2:C97,"<0")
A13: Set_12 | B13: =AVERAGE('Set_12'!B2:B97) | C13: =AVERAGE('Set_12'!C2:C97) | D13: =AVERAGE('Set_12'!D2:D97) | E13: =MIN('Set_12'!B2:B97) | F13: =MAX('Set_12'!B2:B97) | G13: =MIN('Set_12'!C2:C97) | H13: =MAX('Set_12'!C2:C97) | I13: =COUNTIF('Set_12'!B2:B97,"<0") | J13: =COUNTIF('Set_12'!C2:C97,"<0")
A14: Set_13 | B14: =AVERAGE('Set_13'!B2:B97) | C14: =AVERAGE('Set_13'!C2:C97) | D14: =AVERAGE('Set_13'!D2:D97) | E14: =MIN('Set_13'!B2:B97) | F14: =MAX('Set_13'!B2:B97) | G14: =MIN('Set_13'!C2:C97) | H14: =MAX('Set_13'!C2:C97) | I14: =COUNTIF('Set_13'!B2:B97,"<0") | J14: =COUNTIF('Set_13'!C2:C97,"<0")
A15: Set_14 | B15: =AVERAGE('Set_14'!B2:B97) | C15: =AVERAGE('Set_14'!C2:C97) | D15: =AVERAGE('Set_14'!D2:D97) | E15: =MIN('Set_14'!B2:B97) | F15: =MAX('Set_14'!B2:B97) | G15: =MIN('Set_14'!C2:C97) | H15: =MAX('Set_14'!C2:C97) | I15: =COUNTIF('Set_14'!B2:B97,"<0") | J15: =COUNTIF('Set_14'!C2:C97,"<0")
A16: Set_15 | B16: =AVERAGE('Set_15'!B2:B97) | C16: =AVERAGE('Set_15'!C2:C97) | D16: =AVERAGE('Set_15'!D2:D97) | E16: =MIN('Set_15'!B2:B97) | F16: =MAX('Set_15'!B2:B97) | G16: =MIN('Set_15'!C2:C97) | H16: =MAX('Set_15'!C2:C97) | I16: =COUNTIF('Set_15'!B2:B97,"<0") | J16: =COUNTIF('Set_15'!C2:C97,"<0")
A17: Set_16 | B17: =AVERAGE('Set_16'!B2:B97) | C17: =AVERAGE('Set_16'!C2:C97) | D17: =AVERAGE('Set_16'!D2:D97) | E17: =MIN('Set_16'!B2:B97) | F17: =MAX('Set_16'!B2:B97) | G17: =MIN('Set_16'!C2:C97) | H17: =MAX('Set_16'!C2:C97) | I17: =COUNTIF('Set_16'!B2:B97,"<0") | J17: =COUNTIF('Set_16'!C2:C97,"<0")
A18: Set_17 | B18: =AVERAGE('Set_17'!B2:B97) | C18: =AVERAGE('Set_17'!C2:C97) | D18: =AVERAGE('Set_17'!D2:D97) | E18: =MIN('Set_17'!B2:B97) | F18: =MAX('Set_17'!B2:B97) | G18: =MIN('Set_17'!C2:C97) | H18: =MAX('Set_17'!C2:C97) | I18: =COUNTIF('Set_17'!B2:B97,"<0") | J18: =COUNTIF('Set_17'!C2:C97,"<0")
A19: Set_18 | B19: =AVERAGE('Set_18'!B2:B97) | C19: =AVERAGE('Set_18'!C2:C97) | D19: =AVERAGE('Set_18'!D2:D97) | E19: =MIN('Set_18'!B2:B97) | F19: =MAX('Set_18'!B2:B97) | G19: =MIN('Set_18'!C2:C97) | H19: =MAX('Set_18'!C2:C97) | I19: =COUNTIF('Set_18'!B2:B97,"<0") | J19: =COUNTIF('Set_18'!C2:C97,"<0")
A20: Set_19 | B20: =AVERAGE('Set_19'!B2:B97) | C20: =AVERAGE('Set_19'!C2:C97) | D20: =AVERAGE('Set_19'!D2:D97) | E20: =MIN('Set_19'!B2:B97) | F20: =MAX('Set_19'!B2:B97) | G20: =MIN('Set_19'!C2:C97) | H20: =MAX('Set_19'!C2:C97) | I20: =COUNTIF('Set_19'!B2:B97,"<0") | J20: =COUNTIF('Set_19'!C2:C97,"<0")
A21: Set_20 | B21: =AVERAGE('Set_20'!B2:B97) | C21: =AVERAGE('Set_20'!C2:C97) | D21: =AVERAGE('Set_20'!D2:D97) | E21: =MIN('Set_20'!B2:B97) | F21: =MAX('Set_20'!B2:B97) | G21: =MIN('Set_20'!C2:C97) | H21: =MAX('Set_20'!C2:C97) | I21: =COUNTIF('Set_20'!B2:B97,"<0") | J21: =COUNTIF('Set_20'!C2:C97,"<0")

Sheet Set_01
A1: Time | B1: DA Price (€/kWh) | C1: ID Price (€/kWh) | D1: Load (kW)
A2: 00:00 | B2: 0.0293 | C2: 0.0388 | D2: 104.6
A3: 00:15 | B3: 0.0418 | C3: 0.0248 | D3: 107
A4: 00:30 | B4: 0.0393 | C4: 0.0289 | D4: 71.1
A5: 00:45 | B5: 0.0682 | C5: 0.007 | D5: 75.3
A6: 01:00 | B6: 0.073 | C6: 0.045 | D6: 66.9
A7: 01:15 | B7: 0.1421 | C7: 0.144 | D7: 89.5
A8: 01:30 | B8: 0.1627 | C8: 0.1551 | D8: 65.3
A9: 01:45 | B9: 0.1434 | C9: 0.1496 | D9: 100.8
A10: 02:00 | B10: 0.1055 | C10: 0.0744 | D10: 76.4
A11: 02:15 | B11: 0.0519 | C11: 0.0371 | D11: 47.6
A12: 02:30 | B12: 0.0507 | C12: 0.0667 | D12: 97.2
A13: 02:45 | B13: 0.0398 | C13: 0.0658 | D13: 91.8
... A97: 23:45 | B97: 0.135 | C97: 0.1323 | D97: 67.3

Sheet Set_02
A1: Time | B1: DA Price (€/kWh) | C1: ID Price (€/kWh) | D1: Load (kW)
A2: 00:00 | B2: 0.0363 | C2: 0.0518 | D2: 59.1
A3: 00:15 | B3: 0.0465 | C3: 0.0745 | D3: 68.6
A4: 00:30 | B4: 0.0479 | C4: 0.0346 | D4: 58.6
A5: 00:45 | B5: 0.0409 | C5: 0.0102 | D5: 102.1
A6: 01:00 | B6: 0.0591 | C6: 0.063 | D6: 73.4
A7: 01:15 | B7: 0.0416 | C7: 0.0375 | D7: 69.4
A8: 01:30 | B8: 0.0363 | C8: 0.0739 | D8: 82.9
A9: 01:45 | B9: 0.0557 | C9: 0.1009 | D9: 76.2
A10: 02:00 | B10: 0.034 | C10: 0.0549 | D10: 64.5
A11: 02:15 | B11: 0.0434 | C11: 0.0411 | D11: 69.2
A12: 02:30 | B12: 0.0598 | C12: 0.0658 | D12: 88.6
A13: 02:45 | B13: 0.0388 | C13: 0.0333 | D13: 75.5
... A97: 23:45 | B97: 0.1125 | C97: 0.1108 | D97: 84.9

Sheet Set_03
A1: Time | B1: DA Price (€/kWh) | C1: ID Price (€/kWh) | D1: Load (kW)
A2: 00:00 | B2: 0.0704 | C2: 0.0814 | D2: 102.7
A3: 00:15 | B3: 0.0146 | C3: 0.0253 | D3: 78.4
A4: 00:30 | B4: 0.0516 | C4: 0.0813 | D4: 80.9
A5: 00:45 | B5: 0.0321 | C5: 0.0276 | D5: 75
A6: 01:00 | B6: 0.0401 | C6: 0.056 | D6: 107.5
A7: 01:15 | B7: 0.0505 | C7: 0.0287 | D7: 100.5
A8: 01:30 | B8: 0.043 | C8: 0.0531 | D8: 48.6
A9: 01:45 | B9: 0.046 | C9: 0.066 | D9: 41.8
A10: 02:00 | B10: 0.056 | C10: 0.0579 | D10: 123.6
A11: 02:15 | B11: 0.0823 | C11: 0.0865 | D11: 79.7
A12: 02:30 | B12: 0.0808 | C12: 0.068 | D12: 149.7
A13: 02:45 | B13: 0.082 | C13: 0.083 | D13: 103.8
... A97: 23:45 | B97: 0.1314 | C97: 0.1009 | D97: 56.6

Sheet Set_04
A1: Time | B1: DA Price (€/kWh) | C1: ID Price (€/kWh) | D1: Load (kW)
A2: 00:00 | B2: 0.0331 | C2: 0.0088 | D2: 101.5
A3: 00:15 | B3: 0.0353 | C3: 0.019 | D3: 61.4
A4: 00:30 | B4: 0.0394 | C4: 0.0331 | D4: 101.8
A5: 00:45 | B5: 0.0453 | C5: 0.0511 | D5: 54.9
A6: 01:00 | B6: 0.0165 | C6: 0.0367 | D6: 104.1
A7: 01:15 | B7: 0.0509 | C7: 0.0823 | D7: 49
A8: 01:30 | B8: 0.0212 | C8: 0.0292 | D8: 78.8
A9: 01:45 | B9: 0.0395 | C9: 0.0713 | D9: 68.8
A10: 02:00 | B10: 0.031 | C10: 0.0583 | D10: 30.4
A11: 02:15 | B11: 0.0539 | C11: 0.0563 | D11: 144.3
A12: 02:30 | B12: 0.0521 | C12: 0.0497 | D12: 63.1
A13: 02:45 | B13: 0.0902 | C13: 0.0969 | D13: 108.3
... A97: 23:45 | B97: 0.1419 | C97: 0.146 | D97: 131.1

Sheet Set_05
A1: Time | B1: DA Price (€/kWh) | C1: ID Price (€/kWh) | D1: Load (kW)
A2: 00:00 | B2: 0.0393 | C2: 0.031 | D2: 30
A3: 00:15 | B3: 0.0551 | C3: 0.0771 | D3: 30
A4: 00:30 | B4: 0.0561 | C4: 0.0697 | D4: 30
A5: 00:45 | B5: 0.0453 | C5: 0.1077 | D5: 30
A6: 01:00 | B6: 0.0197 | C6: 0.1033 | D6: 30
A7: 01:15 | B7: 0.0114 | C7: 0.112 | D7: 30
A8: 01:30 | B8: 0.0176 | C8: 0.0842 | D8: 30
A9: 01:45 | B9: -0.0226 | C9: 0.0893 | D9: 33.2
A10: 02:00 | B10: -0.0102 | C10: 0.0752 | D10: 47.1
A11: 02:15 | B11: -0.0463 | C11: 0.0475 | D11: 85.5
A12: 02:30 | B12: -0.0313 | C12: 0.0406 | D12: 79.5
A13: 02:45 | B13: -0.0207 | C13: 0.0342 | D13: 82.8
... A97: 23:45 | B97: 0.0176 | C97: 0.02 | D97: 30

Sheet Set_06
A1: Time | B1: DA Price (€/kWh) | C1: ID Price (€/kWh) | D1: Load (kW)
A2: 00:00 | B2: 0.0428 | C2: 0.0204 | D2: 82.3
A3: 00:15 | B3: 0.0336 | C3: 0.0488 | D3: 59.6
A4: 00:30 | B4: 0.0417 | C4: 0.0224 | D4: 74.6
A5: 00:45 | B5: 0.0301 | C5: 0.0265 | D5: 82.1
A6: 01:00 | B6: 0.0251 | C6: 0.1575 | D6: 79.4
A7: 01:15 | B7: 0.0487 | C7: 0.0882 | D7: 45.2
A8: 01:30 | B8: 0.0285 | C8: 0.0274 | D8: 72.7
A9: 01:45 | B9: 0.0576 | C9: 0.0531 | D9: 71.4
A10: 02:00 | B10: 0.0341 | C10: 0.0283 | D10: 112.8
A11: 02:15 | B11: 0.0218 | C11: 0.0189 | D11: 82.4
A12: 02:30 | B12: 0.0165 | C12: 0.0203 | D12: 66
A13: 02:45 | B13: 0.0171 | C13: 0.0183 | D13: 133.8
... A97: 23:45 | B97: 0.036 | C97: 0.0296 | D97: 95.2

Sheet Set_07
A1: Time | B1: DA Price (€/kWh) | C1: ID Price (€/kWh) | D1: Load (kW)
A2: 00:00 | B2: 0.0479 | C2: 0.0751 | D2: 109.6
A3: 00:15 | B3: 0.0367 | C3: 0.1193 | D3: 119.2
A4: 00:30 | B4: 0.0479 | C4: 0.095 | D4: 71.2
A5: 00:45 | B5: 0.0421 | C5: 0.0637 | D5: 30
A6: 01:00 | B6: 0.0361 | C6: 0.0283 | D6: 67.5
A7: 01:15 | B7: 0.0921 | C7: 0.0819 | D7: 93
A8: 01:30 | B8: 0.0987 | C8: 0.0847 | D8: 114.7
A9: 01:45 | B9: 0.0777 | C9: 0.0807 | D9: 71.5
A10: 02:00 | B10: 0.0745 | C10: 0.0598 | D10: 117.3
A11: 02:15 | B11: 0.0911 | C11: 0.0535 | D11: 43.7
A12: 02:30 | B12: 0.1175 | C12: 0.1488 | D12: 85.9
A13: 02:45 | B13: 0.1676 | C13: 0.1429 | D13: 112.4
... A97: 23:45 | B97: 0.0501 | C97: 0.0452 | D97: 115.8

Sheet Set_08
A1: Time | B1: DA Price (€/kWh) | C1: ID Price (€/kWh) | D1: Load (kW)
A2: 00:00 | B2: 0.0287 | C2: -0.0019 | D2: 111.7
A3: 00:15 | B3: 0.0013 | C3: -0.0147 | D3: 103
A4: 00:30 | B4: 0.0036 | C4: 0.0245 | D4: 110.2
A5: 00:45 | B5: -0.0069 | C5: -0.0354 | D5: 62.5
A6: 01:00 | B6: -0.0221 | C6: -0.0102 | D6: 56.9
A7: 01:15 | B7: -0.0093 | C7: -0.0067 | D7: 122.7
A8: 01:30 | B8: 0.0084 | C8: 0.0298 | D8: 91.7
A9: 01:45 | B9: -0.0098 | C9: -0.0075 | D9: 49
A10: 02:00 | B10: 0.015 | C10: 0.0204 | D10: 30
A11: 02:15 | B11: 0.0311 | C11: 0.0352 | D11: 30
A12: 02:30 | B12: 0.0398 | C12: 0.0388 | D12: 30
A13: 02:45 | B13: 0.0454 | C13: 0.0653 | D13: 86
... A97: 23:45 | B97: 0.1429 | C97: 0.152 | D97: 58.9

Sheet Set_09
A1: Time | B1: DA Price (€/kWh) | C1: ID Price (€/kWh) | D1: Load (kW)
A2: 00:00 | B2: 0.0376 | C2: 0.065 | D2: 38.1
A3: 00:15 | B3: 0.0427 | C3: 0.0488 | D3: 99.5
A4: 00:30 | B4: 0.0328 | C4: 0.0104 | D4: 30
A5: 00:45 | B5: 0.0446 | C5: 0.0559 | D5: 68.8
A6: 01:00 | B6: 0.0476 | C6: 0.0544 | D6: 85.9
A7: 01:15 | B7: 0.0443 | C7: 0.0593 | D7: 88
A8: 01:30 | B8: 0.0432 | C8: 0.0496 | D8: 64.2
A9: 01:45 | B9: 0.0477 | C9: 0.0314 | D9: 93.2
A10: 02:00 | B10: 0.0435 | C10: 0.0628 | D10: 30
A11: 02:15 | B11: -0.0018 | C11: -0.0127 | D11: 89
A12: 02:30 | B12: -0.0176 | C12: -0.0111 | D12: 101.2
A13: 02:45 | B13: -0.0227 | C13: -0.0178 | D13: 88.9
... A97: 23:45 | B97: 0.1109 | C97: 0.1464 | D97: 52.4

Sheet Set_10
A1: Time | B1: DA Price (€/kWh) | C1: ID Price (€/kWh) | D1: Load (kW)
A2: 00:00 | B2: 0.0635 | C2: 0.0407 | D2: 83.1
A3: 00:15 | B3: 0.0358 | C3: 0.0464 | D3: 83.3
A4: 00:30 | B4: 0.0513 | C4: 0.0326 | D4: 134.8
A5: 00:45 | B5: 0.0444 | C5: 0.0356 | D5: 61.8
A6: 01:00 | B6: 0.0469 | C6: 0.0246 | D6: 30
A7: 01:15 | B7: 0.0594 | C7: 0.0778 | D7: 30
A8: 01:30 | B8: 0.0246 | C8: -0.0154 | D8: 30
A9: 01:45 | B9: 0.0424 | C9: -0.0311 | D9: 30
A10: 02:00 | B10: 0.0495 | C10: 0.0559 | D10: 30
A11: 02:15 | B11: 0.0584 | C11: 0.0298 | D11: 30
A12: 02:30 | B12: 0.0385 | C12: 0.0113 | D12: 30
A13: 02:45 | B13: 0.0265 | C13: 0.0416 | D13: 47.1
... A97: 23:45 | B97: 0.0268 | C97: 0.0523 | D97: 46.5

Sheet Set_11
A1: Time | B1: DA Price (€/kWh) | C1: ID Price (€/kWh) | D1: Load (kW)
A2: 00:00 | B2: 0.0275 | C2: 0.024 | D2: 63.8
A3: 00:15 | B3: 0.0543 | C3: 0.0193 | D3: 114.2
A4: 00:30 | B4: 0.0398 | C4: 0.0668 | D4: 51.5
A5: 00:45 | B5: 0.02 | C5: 0.0449 | D5: 51.3
A6: 01:00 | B6: 0.0174 | C6: 0.0363 | D6: 112.2
A7: 01:15 | B7: 0.0066 | C7: 0.0357 | D7: 73.3
A8: 01:30 | B8: -0.0264 | C8: -0.0419 | D8: 106.2
A9: 01:45 | B9: -0.0539 | C9: -0.0287 | D9: 46.7
A10: 02:00 | B10: -0.0183 | C10: -0.0076 | D10: 63.2
A11: 02:15 | B11: -0.0012 | C11: 0.0082 | D11: 72.2
A12: 02:30 | B12: 0.03 | C12: 0.0083 | D12: 35.8
A13: 02:45 | B13: 0.036 | C13: 0.0357 | D13: 85.7
... A97: 23:45 | B97: 0.0157 | C97: 0.0269 | D97: 71.7

Sheet Set_12
A1: Time | B1: DA Price (€/kWh) | C1: ID Price (€/kWh) | D1: Load (kW)
A2: 00:00 | B2: 0.0381 | C2: 0.0409 | D2: 73.2
A3: 00:15 | B3: 0.0324 | C3: 0.0621 | D3: 32.1
A4: 00:30 | B4: 0.0526 | C4: 0.0639 | D4: 96
A5: 00:45 | B5: 0.0508 | C5: 0.025 | D5: 58.9
A6: 01:00 | B6: 0.0249 | C6: 0.0435 | D6: 107.5
A7: 01:15 | B7: 0.0484 | C7: 0.066 | D7: 30
A8: 01:30 | B8: 0.0241 | C8: 0.024 | D8: 108.4
A9: 01:45 | B9: 0.0467 | C9: 0.0512 | D9: 69.1
A10: 02:00 | B10: 0.0452 | C10: 0.0762 | D10: 65.9
A11: 02:15 | B11: 0.0572 | C11: 0.0861 | D11: 65.5
A12: 02:30 | B12: 0.0573 | C12: 0.0346 | D12: 30.5
A13: 02:45 | B13: 0.045 | C13: 0.085 | D13: 83.5
... A97: 23:45 | B97: 0.0466 | C97: 0.0333 | D97: 92.3

Sheet Set_13
A1: Time | B1: DA Price (€/kWh) | C1: ID Price (€/kWh) | D1: Load (kW)
A2: 00:00 | B2: 0.0365 | C2: 0.0366 | D2: 75.9
A3: 00:15 | B3: 0.0512 | C3: 0.0461 | D3: 36.9
A4: 00:30 | B4: 0.0571 | C4: 0.0525 | D4: 85.2
A5: 00:45 | B5: 0.0975 | C5: 0.0987 | D5: 92.8
A6: 01:00 | B6: 0.1404 | C6: 0.1483 | D6: 74.7
A7: 01:15 | B7: 0.1636 | C7: 0.1618 | D7: 94.7
A8: 01:30 | B8: 0.1462 | C8: 0.1786 | D8: 45.4
A9: 01:45 | B9: 0.0949 | C9: 0.1252 | D9: 75.8
A10: 02:00 | B10: 0.0805 | C10: 0.118 | D10: 94.7
A11: 02:15 | B11: 0.0672 | C11: 0.0795 | D11: 43.2
A12: 02:30 | B12: 0.0364 | C12: 0.0609 | D12: 95.4
A13: 02:45 | B13: 0.0455 | C13: 0.0723 | D13: 66.7
... A97: 23:45 | B97: 0.1804 | C97: 0.1703 | D97: 95.3

Sheet Set_14
A1: Time | B1: DA Price (€/kWh) | C1: ID Price (€/kWh) | D1: Load (kW)
A2: 00:00 | B2: 0.0242 | C2: 0.0625 | D2: 78.7
A3: 00:15 | B3: 0.0539 | C3: 0.0762 | D3: 75.3
A4: 00:30 | B4: 0.0376 | C4: 0.0189 | D4: 134.5
A5: 00:45 | B5: 0.0418 | C5: 0.0359 | D5: 98.2
A6: 01:00 | B6: 0.045 | C6: 0.0692 | D6: 67.9
A7: 01:15 | B7: 0.0194 | C7: 0.0228 | D7: 30
A8: 01:30 | B8: 0.0327 | C8: 0.0961 | D8: 30
A9: 01:45 | B9: 0.034 | C9: 0.0894 | D9: 30
A10: 02:00 | B10: 0.0591 | C10: 0.0979 | D10: 69.5
A11: 02:15 | B11: 0.0305 | C11: 0.1281 | D11: 98.8
A12: 02:30 | B12: 0.0423 | C12: 0.1054 | D12: 119.4
A13: 02:45 | B13: 0.0497 | C13: 0.1558 | D13: 46.7
... A97: 23:45 | B97: 0.0785 | C97: 0.0867 | D97: 30

Sheet Set_15
A1: Time | B1: DA Price (€/kWh) | C1: ID Price (€/kWh) | D1: Load (kW)
A2: 00:00 | B2: 0.0371 | C2: 0.0291 | D2: 168.1
A3: 00:15 | B3: 0.0378 | C3: 0.0145 | D3: 140.7
A4: 00:30 | B4: 0.0315 | C4: 0.0588 | D4: 151.6
A5: 00:45 | B5: 0.0397 | C5: 0.0264 | D5: 194.4
A6: 01:00 | B6: 0.0326 | C6: 0.052 | D6: 183.1
A7: 01:15 | B7: 0.0395 | C7: 0.0399 | D7: 136.3
A8: 01:30 | B8: -0.0035 | C8: 0.0034 | D8: 141.8
A9: 01:45 | B9: -0.0073 | C9: -0.0199 | D9: 144.9
A10: 02:00 | B10: 0.0208 | C10: 0.027 | D10: 169.4
A11: 02:15 | B11: 0.0065 | C11: -0.0116 | D11: 59.1
A12: 02:30 | B12: 0.0479 | C12: 0.035 | D12: 30
A13: 02:45 | B13: 0.0531 | C13: 0.0723 | D13: 30
... A97: 23:45 | B97: 0.1362 | C97: 0.1299 | D97: 59.3

Sheet Set_16
A1: Time | B1: DA Price (€/kWh) | C1: ID Price (€/kWh) | D1: Load (kW)
A2: 00:00 | B2: 0.0523 | C2: 0.0699 | D2: 119.1
A3: 00:15 | B3: 0.0445 | C3: 0.0449 | D3: 124.2
A4: 00:30 | B4: 0.0432 | C4: 0.0513 | D4: 55.7
A5: 00:45 | B5: 0.0419 | C5: 0.0723 | D5: 30
A6: 01:00 | B6: 0.0352 | C6: 0.0283 | D6: 30
A7: 01:15 | B7: 0.0241 | C7: -0.0976 | D7: 30
A8: 01:30 | B8: 0.0444 | C8: -0.028 | D8: 30
A9: 01:45 | B9: 0.0343 | C9: 0.0662 | D9: 30
A10: 02:00 | B10: 0.0073 | C10: 0.0098 | D10: 30
A11: 02:15 | B11: 0.0263 | C11: 0.0139 | D11: 30
A12: 02:30 | B12: 0.0053 | C12: -0.004 | D12: 30
A13: 02:45 | B13: 0.0262 | C13: 0.0117 | D13: 30
... A97: 23:45 | B97: 0.0649 | C97: 0.0919 | D97: 78.9

Sheet Set_17
A1: Time | B1: DA Price (€/kWh) | C1: ID Price (€/kWh) | D1: Load (kW)
A2: 00:00 | B2: 0.0366 | C2: 0.0243 | D2: 107.7
A3: 00:15 | B3: 0.0438 | C3: 0.0387 | D3: 67.7
A4: 00:30 | B4: 0.0561 | C4: 0.0645 | D4: 55
A5: 00:45 | B5: 0.0511 | C5: 0.0327 | D5: 94.5
A6: 01:00 | B6: 0.077 | C6: 0.0781 | D6: 49.1
A7: 01:15 | B7: 0.0737 | C7: 0.0594 | D7: 43.4
A8: 01:30 | B8: 0.1063 | C8: 0.1138 | D8: 71.9
A9: 01:45 | B9: 0.1601 | C9: 0.1544 | D9: 90.4
A10: 02:00 | B10: 0.1878 | C10: 0.1711 | D10: 30
A11: 02:15 | B11: 0.2042 | C11: 0.1871 | D11: 30
A12: 02:30 | B12: 0.2041 | C12: 0.1892 | D12: 30
A13: 02:45 | B13: 0.1578 | C13: 0.1873 | D13: 30
... A97: 23:45 | B97: -0.0301 | C97: -0.0352 | D97: 30

Sheet Set_18
A1: Time | B1: DA Price (€/kWh) | C1: ID Price (€/kWh) | D1: Load (kW)
A2: 00:00 | B2: 0.0428 | C2: 0.0217 | D2: 97.5
A3: 00:15 | B3: 0.0459 | C3: 0.0239 | D3: 76.6
A4: 00:30 | B4: 0.0293 | C4: 0.0277 | D4: 264.4
A5: 00:45 | B5: 0.0469 | C5: 0.0523 | D5: 258.6
A6: 01:00 | B6: 0.0631 | C6: 0.0846 | D6: 37.4
A7: 01:15 | B7: 0.0486 | C7: 0.0465 | D7: 79.5
A8: 01:30 | B8: 0.0494 | C8: 0.0307 | D8: 58.2
A9: 01:45 | B9: 0.0406 | C9: 0.064 | D9: 84.1
A10: 02:00 | B10: 0.0346 | C10: 0.0348 | D10: 35.3
A11: 02:15 | B11: 0.044 | C11: 0.0763 | D11: 81.4
A12: 02:30 | B12: 0.0548 | C12: 0.0693 | D12: 84.1
A13: 02:45 | B13: 0.045 | C13: 0.0276 | D13: 69.7
... A97: 23:45 | B97: 0.1929 | C97: 0.1872 | D97: 84.9

Sheet Set_19
A1: Time | B1: DA Price (€/kWh) | C1: ID Price (€/kWh) | D1: Load (kW)
A2: 00:00 | B2: 0.0605 | C2: 0.0764 | D2: 50.1
A3: 00:15 | B3: 0.05 | C3: 0.074 | D3: 118
A4: 00:30 | B4: 0.0315 | C4: 0.0047 | D4: 69.6
A5: 00:45 | B5: 0.0526 | C5: 0.0708 | D5: 93.9
A6: 01:00 | B6: 0.0314 | C6: 0.0326 | D6: 88.8
A7: 01:15 | B7: 0.0573 | C7: 0.1153 | D7: 112.8
A8: 01:30 | B8: 0.0706 | C8: 0.1405 | D8: 127.4
A9: 01:45 | B9: 0.1029 | C9: 0.1638 | D9: 103.3
A10: 02:00 | B10: 0.0965 | C10: 0.1657 | D10: 79.5
A11: 02:15 | B11: 0.0818 | C11: 0.2576 | D11: 143.6
A12: 02:30 | B12: 0.113 | C12: 0.2258 | D12: 31.5
A13: 02:45 | B13: 0.1243 | C13: 0.2325 | D13: 51.7
... A97: 23:45 | B97: 0.0495 | C97: 0.0981 | D97: 111.7

Sheet Set_20
A1: Time | B1: DA Price (€/kWh) | C1: ID Price (€/kWh) | D1: Load (kW)
A2: 00:00 | B2: 0.0545 | C2: 0.0749 | D2: 80.8
A3: 00:15 | B3: 0.0184 | C3: 0.0583 | D3: 93.8
A4: 00:30 | B4: 0.0097 | C4: 0.0191 | D4: 92.6
A5: 00:45 | B5: -0.0419 | C5: -0.0106 | D5: 127.2
A6: 01:00 | B6: -0.08 | C6: -0.0836 | D6: 140.7
A7: 01:15 | B7: -0.0763 | C7: -0.0451 | D7: 37.8
A8: 01:30 | B8: -0.0506 | C8: -0.0056 | D8: 33.7
A9: 01:45 | B9: -0.0257 | C9: -0.0372 | D9: 85.8
A10: 02:00 | B10: -0.0024 | C10: -0.0136 | D10: 104.1
A11: 02:15 | B11: 0.0241 | C11: -0.0127 | D11: 87.8
A12: 02:30 | B12: 0.0509 | C12: 0.0764 | D12: 76
A13: 02:45 | B13: 0.05 | C13: 0.023 | D13: 73
... A97: 23:45 | B97: 0.0565 | C97: 0.0318 | D97: 30
